"source","destination","flow","dest_output","flow_per"
"880000","010100",848.7,18507.1,0.0458580760897169
"890000","010100",80.6,18507.1,0.00435508534562411
"900000","010100",1928.2,18507.1,0.104187041729931
"880000","010200",542.9,11850.3,0.0458131861640634
"890000","010200",28.6,11850.3,0.00241344100993224
"900000","010200",2561.8,11850.3,0.216180181092462
"880000","010301",1684.1,53966.3,0.031206512212251
"890000","010301",950,53966.3,0.0176035785295638
"900000","010301",5537.1,53966.3,0.102602920711629
"880000","010302",208.3,3160.6,0.0659052078719231
"890000","010302",31.3,3160.6,0.00990318293994811
"900000","010302",672.8,3160.6,0.212870973865722
"880000","020100",334.5,4816.7,0.0694458861876389
"890000","020100",101.9,4816.7,0.0211555629372807
"900000","020100",1281.5,4816.7,0.266053522120954
"880000","020201",169.5,6973.6,0.0243059538832167
"890000","020201",263,6973.6,0.0377136629574395
"900000","020201",2232.2,6973.6,0.320092921876792
"880000","020202",590.6,30163.5,0.0195799559069737
"890000","020202",1233.6,30163.5,0.0408971107464319
"900000","020202",12940.4,30163.5,0.429008569960383
"880000","020203",6.3,516.3,0.0122022080185938
"890000","020203",2.1,516.3,0.00406740267286461
"900000","020203",357.5,516.3,0.692426883594809
"880000","020300",135.2,1909,0.0708224201152436
"890000","020300",84.6,1909,0.044316396018858
"900000","020300",515.9,1909,0.270246202200105
"880000","020401",1063.7,7114.8,0.149505256648114
"890000","020401",142,7114.8,0.0199583965817732
"900000","020401",2366.7,7114.8,0.332644628099174
"880000","020402",193.1,1272.9,0.151700840600204
"890000","020402",19.1,1272.9,0.015005106449839
"900000","020402",615.4,1272.9,0.483462958598476
"880000","020501",1161.1,10545.3,0.110105923966127
"890000","020501",148.8,10545.3,0.0141105516201531
"900000","020501",5589.8,10545.3,0.53007500971997
"880000","020502",36.9,1888.4,0.0195403516204194
"890000","020502",50.1,1888.4,0.0265303961025207
"900000","020502",1269.3,1888.4,0.672156322812963
"880000","020503",32.1,582.4,0.0551167582417583
"890000","020503",11.5,582.4,0.0197458791208791
"900000","020503",357.1,582.4,0.613152472527473
"880000","020600",515.5,11728.9,0.0439512656770882
"890000","020600",408.2,11728.9,0.0348029226952229
"900000","020600",5088.9,11728.9,0.433877004663694
"880000","020701",36.5,1925,0.018961038961039
"890000","020701",31.1,1925,0.0161558441558442
"900000","020701",1576.8,1925,0.819116883116883
"880000","020702",1344.3,7305.2,0.184019602474949
"890000","020702",39.5,7305.2,0.00540710726605706
"900000","020702",4374.4,7305.2,0.598806329737721
"880000","030001",326.1,4340.3,0.0751330553187568
"890000","030001",93.7,4340.3,0.0215883694675483
"900000","030001",1274,4340.3,0.293528097136143
"880000","030002",453,3116.1,0.145374025223838
"890000","030002",64.6,3116.1,0.0207310420076377
"900000","030002",1496.6,3116.1,0.480279836975707
"880000","040001",3087.4,10902.7,0.283177561521458
"890000","040001",0,10902.7,0
"900000","040001",15.6,10902.7,0.00143083823273134
"880000","040002",6853.8,11297.9,0.60664371254835
"890000","040002",0,11297.9,0
"900000","040002",-8.9,11297.9,-0.000787757016790731
"880000","050000",399.5,1522.9,0.262328452294964
"890000","050000",113.9,1522.9,0.0747915161862237
"900000","050000",189,1522.9,0.124105325366078
"880000","060100",553.5,2192.6,0.252440025540454
"890000","060100",107.5,2192.6,0.049028550579221
"900000","060100",335.5,2192.6,0.153014685761197
"880000","060200",882.5,3091.5,0.285460132621705
"890000","060200",279.8,3091.5,0.0905062267507682
"900000","060200",614.5,3091.5,0.198770823224972
"880000","070000",8383,25451.8,0.32936766751271
"890000","070000",2032.6,25451.8,0.0798607564101557
"900000","070000",5072.4,25451.8,0.199294352462301
"880000","080000",11698.8,84228.3,0.138893934698908
"890000","080000",3938.7,84228.3,0.0467621927546917
"900000","080000",39846.9,84228.3,0.473082087611883
"880000","090001",1597,5138.8,0.310772943099556
"890000","090001",332.5,5138.8,0.0647038219039464
"900000","090001",1367.2,5138.8,0.266054331750603
"880000","090002",1065.3,3120.7,0.34136571922966
"890000","090002",137.4,3120.7,0.044028583330663
"900000","090002",968.7,3120.7,0.310411125708976
"880000","090003",370.6,1243.1,0.298125653607916
"890000","090003",46.9,1243.1,0.0377282599951734
"900000","090003",298.9,1243.1,0.240447268924463
"880000","090004",289.2,785.1,0.368360718379824
"890000","090004",30.5,785.1,0.0388485543242899
"900000","090004",170,785.1,0.216532925741944
"880000","100000",685.5,2676.2,0.25614677527838
"890000","100000",140.5,2676.2,0.0524998131679247
"900000","100000",713.1,2676.2,0.266459905836634
"880000","110000",181300,603950,0.300190413113668
"890000","110000",4483.7,603950,0.0074239589369981
"900000","110000",94257.5,603950,0.1560683831443
"880000","110601",6576.2,10815,0.608062875635691
"890000","110601",3.2,10815,0.000295885344429034
"900000","110601",1168,10815,0.107998150716597
"880000","110602",886.1,1719.4,0.515354193323252
"890000","110602",0,1719.4,0
"900000","110602",566.1,1719.4,0.329242759102012
"880000","110603",178.7,565.3,0.316115336989209
"890000","110603",0,565.3,0
"900000","110603",343.5,565.3,0.607641960021228
"880000","120215",1057.3,1763.3,0.599614359439687
"890000","120215",0,1763.3,0
"900000","120215",180.1,1763.3,0.102138036635853
"880000","130100",8465.6,21218.7,0.398968834094454
"890000","130100",58.7,21218.7,0.00276642772648654
"900000","130100",4628.8,21218.7,0.218147200346864
"880000","130200",1415.3,4150.2,0.341019709893499
"890000","130200",26.1,4150.2,0.00628885354922654
"900000","130200",703.5,4150.2,0.169509903137198
"880000","130300",724.5,2398.8,0.302026013006503
"890000","130300",22.8,2398.8,0.00950475237618809
"900000","130300",250,2398.8,0.104218776054694
"880000","130500",434.1,1137.9,0.38149222251516
"890000","130500",82.7,1137.9,0.0726777396959311
"900000","130500",204.7,1137.9,0.179892784954741
"880000","130600",312.5,908.4,0.344011448701013
"890000","130600",43,908.4,0.0473359753412594
"900000","130600",210.4,908.4,0.231616028181418
"880000","130700",1017.8,1623.8,0.62680133021308
"890000","130700",1.3,1623.8,0.000800591205813524
"900000","130700",325.8,1623.8,0.200640472964651
"880000","140101",3093.7,42027.9,0.0736106253227023
"890000","140101",33.6,42027.9,0.000799468924214629
"900000","140101",-2203.6,42027.9,-0.0524318369464094
"880000","140102",2316.9,16543.1,0.140052348108879
"890000","140102",50.5,16543.1,0.00305263221524382
"900000","140102",2322.2,16543.1,0.140372723371073
"880000","140105",2849.9,14671.4,0.194248674291479
"890000","140105",56.3,14671.4,0.00383739793066783
"900000","140105",586,14671.4,0.0399416551930968
"880000","140200",53.7,1375.3,0.0390460263215299
"890000","140200",1.9,1375.3,0.00138151675997964
"900000","140200",48,1375.3,0.0349014760415909
"880000","140300",915.7,11898.3,0.0769605741996756
"890000","140300",31.1,11898.3,0.00261381878083424
"900000","140300",1030.1,11898.3,0.0865753931233874
"880000","140400",545.6,5257.7,0.103771611160774
"890000","140400",17.6,5257.7,0.00334747132776689
"900000","140400",1199.7,5257.7,0.228179622268292
"880000","140500",608.2,3511.3,0.173212200609461
"890000","140500",26.2,3511.3,0.00746162389998006
"900000","140500",418.6,3511.3,0.119215105516475
"880000","140600",2323.9,18517.8,0.125495469224206
"890000","140600",59,18517.8,0.00318612362159652
"900000","140600",1776.1,18517.8,0.0959131214291114
"880000","140700",144.2,748.5,0.192651970607882
"890000","140700",1.5,748.5,0.00200400801603206
"900000","140700",102.8,748.5,0.137341349365397
"880000","140800",740.7,5259.6,0.140828199863107
"890000","140800",25.6,5259.6,0.00486729028823485
"900000","140800",1378.4,5259.6,0.262073161457145
"880000","140900",1715.3,11547.3,0.148545547443991
"890000","140900",94.8,11547.3,0.0082097113610974
"900000","140900",2901.4,11547.3,0.251262199821603
"880000","141000",281.5,1821.1,0.154576904068969
"890000","141000",17,1821.1,0.00933501729723793
"900000","141000",432.8,1821.1,0.237658558014387
"880000","141100",633.9,4917.7,0.128901722349879
"890000","141100",29.2,4917.7,0.00593773512007646
"900000","141100",1343.7,4917.7,0.273237489070094
"880000","141200",658.6,5178.6,0.12717722936701
"890000","141200",10.1,5178.6,0.00195033406712239
"900000","141200",354.4,5178.6,0.0684354844938787
"880000","141301",1172.1,6507,0.180129091747349
"890000","141301",42.1,6507,0.00646995543261103
"900000","141301",1301.6,6507,0.200030736130321
"880000","141302",938.5,5314.6,0.176589018928988
"890000","141302",30.8,5314.6,0.0057953561886125
"900000","141302",1266.8,5314.6,0.238362247393971
"880000","141401",482,4659.5,0.10344457559824
"890000","141401",18.1,4659.5,0.00388453696748578
"900000","141401",265.3,4659.5,0.0569374396394463
"880000","141402",775.9,6257.8,0.123989261401771
"890000","141402",24.1,6257.8,0.00385119371024961
"900000","141402",1989.3,6257.8,0.317891271692927
"880000","141403",378.4,2491.2,0.15189466923571
"890000","141403",7.5,2491.2,0.00301059730250482
"900000","141403",522.2,2491.2,0.209617854849069
"880000","141501",487.5,4586.9,0.106280930475921
"890000","141501",25.5,4586.9,0.00555931020950969
"900000","141501",1296.9,4586.9,0.282739976890711
"880000","141502",1205.9,13798.7,0.0873922905780979
"890000","141502",17.5,13798.7,0.00126823541348098
"900000","141502",-216.8,13798.7,-0.0157116250081529
"880000","141600",126.1,1297.6,0.0971794081381011
"890000","141600",3.5,1297.6,0.00269728729963009
"900000","141600",121,1297.6,0.093249075215783
"880000","141700",401.4,4729.4,0.0848733454560832
"890000","141700",56.7,4729.4,0.0119888357931239
"900000","141700",423.1,4729.4,0.0894616653275257
"880000","141801",6316.8,20730.5,0.304710450785075
"890000","141801",125.2,20730.5,0.00603941053037795
"900000","141801",7704.6,20730.5,0.371655290513977
"880000","141802",1435.2,5844.9,0.245547400297695
"890000","141802",43.6,5844.9,0.00745949460213177
"900000","141802",1916.7,5844.9,0.327926910640045
"880000","141803",279.3,1152.7,0.242300685347445
"890000","141803",12.5,1152.7,0.0108441051444435
"900000","141803",196.3,1152.7,0.17029582718834
"880000","141900",699.9,5622.6,0.12447977803863
"890000","141900",35.2,5622.6,0.00626044890264291
"900000","141900",486.2,5622.6,0.0864724504677551
"880000","142001",1299,6779,0.191621183065349
"890000","142001",38.5,6779,0.00567930373211388
"900000","142001",1518.7,6779,0.224030092934061
"880000","142002",385.8,3162.7,0.121984380434439
"890000","142002",7,3162.7,0.00221329876371455
"900000","142002",640.3,3162.7,0.202453599772346
"880000","142003",164.7,962.9,0.171045799148406
"890000","142003",6.3,962.9,0.00654273548655104
"900000","142003",360.3,962.9,0.374182158064181
"880000","142004",245.2,2132.2,0.114998593002533
"890000","142004",12.1,2132.2,0.00567488978519839
"900000","142004",377.9,2132.2,0.177234780977394
"880000","142101",1797.2,15116.5,0.118889954685278
"890000","142101",1704.9,15116.5,0.112784043925512
"900000","142101",3742.7,15116.5,0.247590381371349
"880000","142102",61.4,521,0.11785028790787
"890000","142102",4.4,521,0.00844529750479846
"900000","142102",52.8,521,0.101343570057582
"880000","142103",467.7,3836.8,0.12189845704754
"890000","142103",706.1,3836.8,0.184033569641368
"900000","142103",571.8,3836.8,0.149030442035029
"880000","142104",328.9,6635.5,0.0495667244367418
"890000","142104",3452.8,6635.5,0.520352648632356
"900000","142104",1128,6635.5,0.169994725340969
"880000","142200",3009.1,19655.3,0.153093567638245
"890000","142200",209.7,19655.3,0.0106688781143
"900000","142200",3368.2,19655.3,0.171363449044278
"880000","142300",340.5,4616.6,0.0737555776978729
"890000","142300",16.1,4616.6,0.00348741498072174
"900000","142300",2093.1,4616.6,0.45338560845644
"880000","142400",66.2,430.8,0.153667595171773
"890000","142400",1.2,430.8,0.00278551532033426
"900000","142400",16.3,430.8,0.0378365831012071
"880000","142500",237.8,8444.6,0.0281600075788078
"890000","142500",47.2,8444.6,0.00558937072211828
"900000","142500",284.3,8444.6,0.0336664850910641
"880000","142600",27.8,414.9,0.0670040973728609
"890000","142600",1.7,414.9,0.00409737286093035
"900000","142600",30.2,414.9,0.0727886237647626
"880000","142700",297.3,1630.2,0.18237026131763
"890000","142700",17.5,1630.2,0.0107348791559318
"900000","142700",403.5,1630.2,0.247515642252484
"880000","142800",404.6,5751.2,0.070350535540409
"890000","142800",7.2,5751.2,0.00125191264431771
"900000","142800",1398.1,5751.2,0.243097092780637
"880000","142900",352.1,4036,0.0872398414271556
"890000","142900",10.9,4036,0.00270069375619425
"900000","142900",444,4036,0.110009910802775
"880000","143000",111,280.9,0.395158419366323
"890000","143000",7.5,280.9,0.0266998932004272
"900000","143000",69.9,280.9,0.248843004627982
"880000","143100",189.1,1010.2,0.187190655315779
"890000","143100",9.9,1010.2,0.00980003959611958
"900000","143100",288,1010.2,0.285092060978024
"880000","143201",876.7,4815.8,0.182046596619461
"890000","143201",17.7,4815.8,0.00367540180240043
"900000","143201",1434.8,4815.8,0.297935960795714
"880000","143202",1562.1,9469.6,0.16495944918476
"890000","143202",49.7,9469.6,0.00524837374334713
"900000","143202",2281.6,9469.6,0.240939427219735
"880000","150101",2345.1,21601.7,0.108560900299513
"890000","150101",4652.2,21601.7,0.215362679789091
"900000","150101",8068.2,21601.7,0.373498382071781
"880000","150102",64.6,227.8,0.283582089552239
"890000","150102",39,227.8,0.171202809482002
"900000","150102",22.4,227.8,0.0983318700614574
"880000","150103",142.1,1048,0.135591603053435
"890000","150103",6.6,1048,0.00629770992366412
"900000","150103",472,1048,0.450381679389313
"880000","150200",300.7,3505.2,0.0857868309939518
"890000","150200",2.9,3505.2,0.000827342234394614
"900000","150200",679.1,3505.2,0.193740728061166
"880000","160100",5421.8,25568.4,0.212050812721954
"890000","160100",137.4,25568.4,0.00537382081006242
"900000","160100",2453.9,25568.4,0.0959739365779634
"880000","160200",376.7,1127.5,0.33410199556541
"890000","160200",5.3,1127.5,0.00470066518847007
"900000","160200",125.8,1127.5,0.111574279379157
"880000","160300",2476.4,10899,0.227213505826223
"890000","160300",89.1,10899,0.00817506193228737
"900000","160300",855.7,10899,0.0785117900724837
"880000","160400",138.4,649.1,0.213218302264674
"890000","160400",3.6,649.1,0.0055461408103528
"900000","160400",55.8,649.1,0.0859651825604683
"880000","170100",1287.8,9746.9,0.132124059957525
"890000","170100",60.2,9746.9,0.00617632272825206
"900000","170100",688.7,9746.9,0.0706583631718803
"880000","170600",337.2,1407.6,0.239556692242114
"890000","170600",7.8,1407.6,0.00554134697357204
"900000","170600",134,1407.6,0.0951974992895709
"880000","170700",134.8,1047.3,0.128711925904707
"890000","170700",3.5,1047.3,0.00334192685954359
"900000","170700",166.2,1047.3,0.158693784016041
"880000","170900",142.5,500.8,0.284544728434505
"890000","170900",2.5,500.8,0.00499201277955272
"900000","170900",76.6,500.8,0.152955271565495
"880000","171001",420.5,1913.7,0.2197314103569
"890000","171001",18.2,1913.7,0.00951037257668391
"900000","171001",266.1,1913.7,0.139050007838219
"880000","171100",406.6,1365.5,0.297766385939216
"890000","171100",9.7,1365.5,0.00710362504577078
"900000","171100",191.1,1365.5,0.139948736726474
"880000","180101",498.2,1478.9,0.336871999459057
"890000","180101",5.6,1478.9,0.00378659814727162
"900000","180101",168.4,1478.9,0.113868415714382
"880000","180102",597.2,1931.4,0.30920575748162
"890000","180102",8.1,1931.4,0.00419384902143523
"900000","180102",257.7,1931.4,0.133426529978254
"880000","180201",1072.9,3215.4,0.333675436959632
"890000","180201",12.1,3215.4,0.00376313988928283
"900000","180201",315.9,3215.4,0.0982459414069789
"880000","180202",362.7,1059.6,0.342298980747452
"890000","180202",5.1,1059.6,0.00481313703284258
"900000","180202",95.3,1059.6,0.0899395998489996
"880000","180203",72.2,181.3,0.398234969663541
"890000","180203",1.7,181.3,0.00937672366243795
"900000","180203",18.1,181.3,0.099834528405957
"880000","180300",1241,5595.6,0.22178139967117
"890000","180300",37.9,5595.6,0.00677317892629923
"900000","180300",820.3,5595.6,0.146597326470798
"880000","180400",13658.3,50721.6,0.269279754581874
"890000","180400",168.7,50721.6,0.0033259991798366
"900000","180400",7585.9,50721.6,0.149559556480868
"880000","190100",434.9,1601.3,0.271591831636795
"890000","190100",3.9,1601.3,0.0024355211390745
"900000","190100",174,1601.3,0.108661712358709
"880000","190200",893.3,5885.4,0.151782376728854
"890000","190200",18.4,5885.4,0.00312638053488293
"900000","190200",1554,5885.4,0.264043225609134
"880000","190301",148.9,529,0.281474480151229
"890000","190301",2.9,529,0.0054820415879017
"900000","190301",55.1,529,0.104158790170132
"880000","190302",342.7,1027,0.333690360272639
"890000","190302",8.4,1027,0.00817916260954236
"900000","190302",104.9,1027,0.102142161635833
"880000","190303",220.5,725.2,0.304054054054054
"890000","190303",2.2,725.2,0.00303364589078875
"900000","190303",238.8,725.2,0.329288472145615
"880000","190304",1335.6,4571,0.29218989280245
"890000","190304",22.6,4571,0.0049442135200175
"900000","190304",422.6,4571,0.0924524174141326
"880000","190305",121.5,299.8,0.40527018012008
"890000","190305",5,299.8,0.0166777851901268
"900000","190305",23.1,299.8,0.0770513675783856
"880000","190306",550.4,2348.6,0.234352380141361
"890000","190306",20,2348.6,0.0085157114876948
"900000","190306",211.3,2348.6,0.0899684918674955
"880000","200100",2000.6,15024.2,0.133158504279762
"890000","200100",212.8,15024.2,0.0141638157106535
"900000","200100",1964,15024.2,0.130722434472385
"880000","200200",3698.1,17111.5,0.216117815504193
"890000","200200",492.9,17111.5,0.0288051894924466
"900000","200200",1950.7,17111.5,0.113999357157467
"880000","200300",552.9,1674.4,0.330207835642618
"890000","200300",15.4,1674.4,0.00919732441471572
"900000","200300",174,1674.4,0.103917821309126
"880000","200400",41.1,141.3,0.290870488322718
"890000","200400",1.2,141.3,0.00849256900212314
"900000","200400",11.3,141.3,0.0799716914366596
"880000","200501",2270.1,9197,0.246830488202675
"890000","200501",100,9197,0.010873110796999
"900000","200501",1077.8,9197,0.117190388170055
"880000","200502",1481.2,4347.1,0.3407329023947
"890000","200502",35.2,4347.1,0.00809735225782706
"900000","200502",679.9,4347.1,0.156403119320927
"880000","200600",1580.3,6842.1,0.230967100743924
"890000","200600",156.9,6842.1,0.022931556101197
"900000","200600",773.6,6842.1,0.113064702357463
"880000","200701",534.2,1853.6,0.28819594302978
"890000","200701",12.6,1853.6,0.006797583081571
"900000","200701",155.3,1853.6,0.0837829089339664
"880000","200702",593.9,2431.7,0.244232429987252
"890000","200702",30.3,2431.7,0.0124604186371674
"900000","200702",282.8,2431.7,0.116297240613563
"880000","200703",885.4,4082.2,0.216892851893587
"890000","200703",11.4,4082.2,0.00279261182695605
"900000","200703",414,4082.2,0.101415903189457
"880000","200800",266.3,2147.7,0.123993108907203
"890000","200800",33,2147.7,0.0153652744796759
"900000","200800",178.2,2147.7,0.08297248219025
"880000","200901",406.9,1472.3,0.276370304965021
"890000","200901",25.4,1472.3,0.0172519187665557
"900000","200901",85.1,1472.3,0.0578007199619643
"880000","200903",1029.7,3189.7,0.322820327930526
"890000","200903",48.7,3189.7,0.0152678935323071
"900000","200903",388.5,3189.7,0.121798288240273
"880000","200904",636.6,2812.3,0.226362763574299
"890000","200904",71.7,2812.3,0.0254951463215162
"900000","200904",352.5,2812.3,0.125342246559755
"880000","210000",191.1,547.4,0.349104859335038
"890000","210000",3.4,547.4,0.0062111801242236
"900000","210000",15.6,547.4,0.0284983558640848
"880000","220101",2497.6,7826.7,0.319112780609963
"890000","220101",66,7826.7,0.00843267277396604
"900000","220101",930.8,7826.7,0.118926239666782
"880000","220102",134.1,403,0.332754342431762
"890000","220102",4.6,403,0.0114143920595534
"900000","220102",22.8,403,0.056575682382134
"880000","220103",115.3,348.2,0.331131533601379
"890000","220103",1.7,348.2,0.00488225157955198
"900000","220103",37.6,348.2,0.107983917288914
"880000","220200",1602.8,5370.2,0.298461882239023
"890000","220200",29.5,5370.2,0.00549327771777588
"900000","220200",601.6,5370.2,0.112025622881829
"880000","220300",627.8,2097.5,0.299308700834327
"890000","220300",9.6,2097.5,0.00457687723480334
"900000","220300",315.8,2097.5,0.150560190703218
"880000","220400",562.9,2373,0.237210282343026
"890000","220400",7.3,2373,0.00307627475769069
"900000","220400",321,2373,0.13527180783818
"880000","230100",698.7,1988.8,0.351317377312953
"890000","230100",6.6,1988.8,0.00331858407079646
"900000","230100",401,1988.8,0.2016291230893
"880000","230200",1603.4,5348,0.29981301421092
"890000","230200",34.9,5348,0.00652580403889304
"900000","230200",1362.2,5348,0.254712041884817
"880000","230300",499.6,2026.7,0.246509103468693
"890000","230300",7.8,2026.7,0.00384862091084028
"900000","230300",318.4,2026.7,0.157102679232249
"880000","230400",1072.6,2818.4,0.380570536474596
"890000","230400",20.9,2818.4,0.00741555492478002
"900000","230400",331.7,2818.4,0.117690888447346
"880000","230500",875.5,2626.5,0.333333333333333
"890000","230500",21.2,2626.5,0.00807157814582144
"900000","230500",305.8,2626.5,0.116428707405292
"880000","230600",452.4,1634,0.276866585067319
"890000","230600",6.8,1634,0.00416156670746634
"900000","230600",318.3,1634,0.194798041615667
"880000","230700",669.3,1915.9,0.349339735894358
"890000","230700",13.2,1915.9,0.00688971240670181
"900000","230700",350.1,1915.9,0.182733963150478
"880000","240100",715.5,4266.2,0.167713656181145
"890000","240100",109.4,4266.2,0.0256434297501289
"900000","240100",952,4266.2,0.223149406966387
"880000","240400",856.8,2495.1,0.343393050378742
"890000","240400",24,2495.1,0.0096188529517855
"900000","240400",242.6,2495.1,0.0972305719209651
"880000","240500",1582.1,11676.4,0.135495529444007
"890000","240500",99.9,11676.4,0.00855571922852934
"900000","240500",4331.8,11676.4,0.370987633174609
"880000","240701",1680.8,7977.5,0.210692572861172
"890000","240701",92.7,7977.5,0.0116201817612034
"900000","240701",1543.2,7977.5,0.193444061422752
"880000","240702",1575.9,6847.6,0.230139026812314
"890000","240702",61,6847.6,0.00890823062094748
"900000","240702",1055.9,6847.6,0.154200011682925
"880000","240703",434.4,1708.8,0.254213483146067
"890000","240703",13.5,1708.8,0.00790028089887641
"900000","240703",172.6,1708.8,0.101006554307116
"880000","240705",289.9,1124.8,0.257734708392603
"890000","240705",7,1124.8,0.00622332859174964
"900000","240705",154.9,1124.8,0.137713371266003
"880000","240706",817.9,3364.8,0.24307536852116
"890000","240706",33.5,3364.8,0.00995601521635758
"900000","240706",675.4,3364.8,0.200725154541132
"880000","240800",8567.8,42521.1,0.201495257648556
"890000","240800",904,42521.1,0.0212600332540786
"900000","240800",7283.7,42521.1,0.171296132978686
"880000","250000",6370.2,25510.8,0.24970600686768
"890000","250000",204.7,25510.8,0.00802405255813224
"900000","250000",2231.1,25510.8,0.0874570770026812
"880000","260100",11630.6,32193.8,0.361268318744603
"890000","260100",171.3,32193.8,0.00532090029757283
"900000","260100",9219.3,32193.8,0.286368803931192
"880000","260200",3760,17533,0.214452746249929
"890000","260200",83.6,17533,0.00476815148576969
"900000","260200",4172.6,17533,0.237985513032567
"880000","260301",2316,12551.2,0.184524188922175
"890000","260301",77.9,12551.2,0.00620657785709733
"900000","260301",4450.7,12551.2,0.35460354388425
"880000","260302",1254.1,3248.2,0.386090757958254
"890000","260302",48.7,3248.2,0.0149929191552244
"900000","260302",409.7,3248.2,0.126131395850009
"880000","260400",1959.2,7777,0.251922335090652
"890000","260400",79.5,7777,0.0102224508165102
"900000","260400",2949.5,7777,0.379259354506879
"880000","260501",15817.4,45907.4,0.344550116103286
"890000","260501",600.4,45907.4,0.013078501505204
"900000","260501",5294.7,45907.4,0.115334346968027
"880000","260601",1615.4,6999.4,0.230791210675201
"890000","260601",51.3,6999.4,0.00732919964568392
"900000","260601",1438.6,6999.4,0.20553190273452
"880000","260602",1026.6,2806.2,0.365832798802651
"890000","260602",15.5,2806.2,0.00552348371463189
"900000","260602",562.3,2806.2,0.200377735015323
"880000","260700",598.3,2641.2,0.226525821596244
"890000","260700",12.4,2641.2,0.00469483568075117
"900000","260700",1036.2,2641.2,0.392321671967288
"880000","260802",655,1165,0.562231759656652
"890000","260802",10.4,1165,0.00892703862660944
"900000","260802",133.3,1165,0.114420600858369
"880000","260803",1038.5,1938.6,0.535695862993913
"890000","260803",29.7,1938.6,0.0153203342618384
"900000","260803",258.1,1938.6,0.133137315588569
"880000","260806",1218.8,2343.4,0.520099001450883
"890000","260806",31.2,2343.4,0.0133139882222412
"900000","260806",155.9,2343.4,0.0665272680720321
"880000","270100",11585.6,67673.7,0.171197969078091
"890000","270100",1715.8,67673.7,0.0253540149275125
"900000","270100",16790.7,67673.7,0.248112634598079
"880000","270201",845,6084.4,0.138879758069818
"890000","270201",110.2,6084.4,0.0181118927092236
"900000","270201",-871.7,6084.4,-0.143268029715338
"880000","270202",264.2,1322,0.199848714069592
"890000","270202",4.7,1322,0.00355521936459909
"900000","270202",198.2,1322,0.149924357034796
"880000","270300",840.8,6105.9,0.13770287754467
"890000","270300",110.8,6105.9,0.0181463830066002
"900000","270300",1861.7,6105.9,0.304901816276061
"880000","270401",102.5,470.9,0.217668294754725
"890000","270401",5,470.9,0.0106179655977915
"900000","270401",61.5,470.9,0.130600976852835
"880000","270402",939.8,4418.3,0.212706244483172
"890000","270402",26.7,4418.3,0.00604304823122015
"900000","270402",731.7,4418.3,0.165606681302764
"880000","270403",604.7,1091.9,0.553805293525048
"890000","270403",4,1091.9,0.0036633391336203
"900000","270403",180.3,1091.9,0.165125011447935
"880000","270404",524.9,2338.9,0.22442173671384
"890000","270404",4.6,2338.9,0.00196673650006413
"900000","270404",415,2338.9,0.177433836418829
"880000","270405",103.9,578.2,0.179695607056382
"890000","270405",10.6,578.2,0.0183327568315462
"900000","270405",113.4,578.2,0.196125907990315
"880000","270406",1720.6,7802.7,0.220513412024043
"890000","270406",57.3,7802.7,0.00734361182667538
"900000","270406",1578,7802.7,0.202237686954516
"880000","280100",3217.8,25979.4,0.123859673433567
"890000","280100",479.9,25979.4,0.0184723280753212
"900000","280100",4527.6,25979.4,0.174276542183422
"880000","280200",629.8,3237.1,0.194556856445584
"890000","280200",64.6,3237.1,0.0199561335763492
"900000","280200",399.4,3237.1,0.123382039479781
"880000","280300",485.4,1309.8,0.370590929912964
"890000","280300",21.7,1309.8,0.0165674148724996
"900000","280300",119.7,1309.8,0.0913879981676592
"880000","280400",2226.6,10146.1,0.219453780270252
"890000","280400",199.5,10146.1,0.0196627275504874
"900000","280400",1992.9,10146.1,0.196420299425395
"880000","290100",8292.2,36012.2,0.23026085604323
"890000","290100",152.4,36012.2,0.00423189918971904
"900000","290100",13727.6,36012.2,0.381193040136398
"880000","290201",1578.6,10856.5,0.145405977985539
"890000","290201",67.6,10856.5,0.00622668447473864
"900000","290201",3330.8,10856.5,0.306802376456501
"880000","290202",869.3,5429.7,0.160100926386357
"890000","290202",24.6,5429.7,0.00453063705177082
"900000","290202",2085.4,5429.7,0.384072784868409
"880000","290203",464.9,2926,0.158885850991114
"890000","290203",24.5,2926,0.00837320574162679
"900000","290203",551.2,2926,0.18838004101162
"880000","290300",2394.9,14017.1,0.170855597805538
"890000","290300",67.1,14017.1,0.00478701015188591
"900000","290300",6187.5,14017.1,0.441425116464889
"880000","300000",2505,12072.4,0.207498094827872
"890000","300000",31.8,12072.4,0.00263410755110831
"900000","300000",3031.3,12072.4,0.251093403134422
"880000","310101",4582.3,125712,0.0364507763777523
"890000","310101",10477,125712,0.0833412880234186
"900000","310101",5030.8,125712,0.0400184548809978
"880000","310102",575.9,3607.4,0.159644064977546
"890000","310102",19.9,3607.4,0.00551643843211177
"900000","310102",466.5,3607.4,0.129317513999002
"880000","310103",103.4,716.1,0.144393241167435
"890000","310103",10.1,716.1,0.014104175394498
"900000","310103",125.6,716.1,0.175394497975143
"880000","310200",910.6,4555.6,0.199885854772149
"890000","310200",50.8,4555.6,0.011151110720871
"900000","310200",679.8,4555.6,0.149222934410396
"880000","310300",684.3,3280,0.208628048780488
"890000","310300",31.9,3280,0.00972560975609756
"900000","310300",509.4,3280,0.15530487804878
"880000","320100",2812.6,10468.6,0.268670118258411
"890000","320100",421.4,10468.6,0.0402537110979501
"900000","320100",1555.8,10468.6,0.148615860764572
"880000","320200",203,544.8,0.372613803230543
"890000","320200",3.2,544.8,0.00587371512481645
"900000","320200",66.7,544.8,0.122430249632893
"880000","320300",3032.5,8933.2,0.339464021851072
"890000","320300",143.7,8933.2,0.0160860609859849
"900000","320300",856.8,8933.2,0.0959118792817803
"880000","320400",15807.6,61072.1,0.258835049064958
"890000","320400",992.8,61072.1,0.0162561955459203
"900000","320400",9340.3,61072.1,0.152938903361764
"880000","320500",743.2,2238.3,0.332037707188491
"890000","320500",54.2,2238.3,0.0242148058794621
"900000","320500",344.5,2238.3,0.153911450654515
"880000","320600",833.9,2314.6,0.360278233820099
"890000","320600",56.4,2314.6,0.0243670612632852
"900000","320600",355.3,2314.6,0.153503845156831
"880000","330001",386.1,2222.1,0.173754556500608
"890000","330001",9.8,2222.1,0.00441024256334098
"900000","330001",178.8,2222.1,0.0804644255434049
"880000","340100",89.5,321.8,0.278123057799876
"890000","340100",1.5,321.8,0.00466128029832194
"900000","340100",41.7,321.8,0.12958359229335
"880000","340201",1130.7,3653.9,0.309450176523714
"890000","340201",9.6,3653.9,0.00262732970250965
"900000","340201",562.4,3653.9,0.15391773173869
"880000","340202",64.4,221.2,0.291139240506329
"890000","340202",0.4,221.2,0.00180831826401447
"900000","340202",53.5,221.2,0.241862567811935
"880000","340301",44.6,169,0.263905325443787
"890000","340301",0.7,169,0.00414201183431953
"900000","340301",12.8,169,0.0757396449704142
"880000","340302",231.2,806,0.286848635235732
"890000","340302",1.5,806,0.00186104218362283
"900000","340302",215,806,0.266749379652606
"880000","340303",163.1,533.5,0.305716963448922
"890000","340303",1.5,533.5,0.0028116213683224
"900000","340303",91.9,533.5,0.172258669165886
"880000","340304",128.4,367.8,0.34910277324633
"890000","340304",1.3,367.8,0.00353452963567156
"900000","340304",57.1,367.8,0.155247417074497
"880000","340305",123.6,404.3,0.305713579025476
"890000","340305",1.3,404.3,0.00321543408360129
"900000","340305",79,404.3,0.195399455849617
"880000","350100",3425.9,11263.9,0.30414865188789
"890000","350100",161.5,11263.9,0.0143378403572475
"900000","350100",2242.7,11263.9,0.199105105691634
"880000","350200",1449.1,4821.4,0.300555855145808
"890000","350200",56.7,4821.4,0.0117600696893019
"900000","350200",874,4821.4,0.181275148297175
"880000","360100",795.7,4103.2,0.193921817118347
"890000","360100",122.4,4103.2,0.0298303762916748
"900000","360100",807.3,4103.2,0.196748878923767
"880000","360200",415.5,1170.3,0.355037169956421
"890000","360200",29.1,1170.3,0.0248654191233017
"900000","360200",315.2,1170.3,0.269332649747928
"880000","360300",233.3,624.2,0.37375841076578
"890000","360300",6.1,624.2,0.00977250881127843
"900000","360300",153.9,624.2,0.246555591156681
"880000","360400",205.5,722.2,0.284547216837441
"890000","360400",6.8,722.2,0.00941567432844087
"900000","360400",117.6,722.2,0.162835779562448
"880000","360500",62.1,148.8,0.417338709677419
"890000","360500",0.8,148.8,0.00537634408602151
"900000","360500",30.4,148.8,0.204301075268817
"880000","360600",298.2,747.7,0.398823057375953
"890000","360600",2.8,747.7,0.00374481744014979
"900000","360600",139.8,747.7,0.186973385047479
"880000","360701",151.2,297.9,0.507552870090635
"890000","360701",1.2,297.9,0.0040281973816717
"900000","360701",64.7,297.9,0.217186975495133
"880000","360702",36.3,92.8,0.391163793103448
"890000","360702",0.2,92.8,0.0021551724137931
"900000","360702",27.3,92.8,0.294181034482759
"880000","360800",350.6,712.5,0.492070175438597
"890000","360800",12.3,712.5,0.0172631578947368
"900000","360800",65,712.5,0.0912280701754386
"880000","360900",228.2,500.2,0.456217512994802
"890000","360900",1.5,500.2,0.00299880047980808
"900000","360900",97.4,500.2,0.194722111155538
"880000","361000",522.1,1858.2,0.280970831987945
"890000","361000",62.6,1858.2,0.0336885157679475
"900000","361000",317.9,1858.2,0.171079539339145
"880000","361100",2015.6,5762.7,0.349766602460652
"890000","361100",117.9,5762.7,0.0204591597688583
"900000","361100",972,5762.7,0.168670935498985
"880000","361200",3128.5,13062,0.23951156025111
"890000","361200",251.8,13062,0.0192772929107334
"900000","361200",1830.9,13062,0.140169958658705
"880000","361300",192.1,705.8,0.27217342023236
"890000","361300",15,705.8,0.0212524794559365
"900000","361300",135.2,705.8,0.191555681496175
"880000","361400",414.6,2612,0.158728943338438
"890000","361400",12.9,2612,0.00493874425727412
"900000","361400",380.5,2612,0.145673813169985
"880000","361500",336.6,820.1,0.41043775149372
"890000","361500",6.9,820.1,0.00841360809657359
"900000","361500",92.3,820.1,0.112547250335325
"880000","361600",827.2,3316.4,0.249427089615245
"890000","361600",50.5,3316.4,0.0152273549632131
"900000","361600",889.7,3316.4,0.268272825955856
"880000","361700",135.8,385.6,0.352178423236515
"890000","361700",5,385.6,0.0129668049792531
"900000","361700",36.8,385.6,0.0954356846473029
"880000","361900",302.5,1382.5,0.21880650994575
"890000","361900",15.5,1382.5,0.0112115732368897
"900000","361900",326.3,1382.5,0.236021699819168
"880000","362000",829.9,3199.1,0.259416710949955
"890000","362000",55,3199.1,0.0171923353443156
"900000","362000",722.5,3199.1,0.225844768841237
"880000","362100",281.6,922.1,0.305389870946752
"890000","362100",20.1,922.1,0.0217980696236851
"900000","362100",152.6,922.1,0.165491812167878
"880000","362200",189.3,585.4,0.323368636829518
"890000","362200",6.9,585.4,0.0117868124359412
"900000","362200",131.6,585.4,0.224803553126068
"880000","370101",8994.3,38735.7,0.23219665579814
"890000","370101",750.2,38735.7,0.0193671471020273
"900000","370101",2316.1,38735.7,0.0597923879005672
"880000","370102",151.4,795,0.190440251572327
"890000","370102",18.2,795,0.0228930817610063
"900000","370102",64,795,0.0805031446540881
"880000","370103",772,3205.8,0.240813525485058
"890000","370103",21.8,3205.8,0.00680017468338636
"900000","370103",380.3,3205.8,0.118628735417057
"880000","370104",690.2,5205.6,0.132587982173044
"890000","370104",40.6,5205.6,0.00779929306900261
"900000","370104",683.3,5205.6,0.131262486552943
"880000","370105",656.7,3825.2,0.171677297919063
"890000","370105",19.8,3825.2,0.00517619993725818
"900000","370105",1445.1,3825.2,0.377784168148071
"880000","370200",4611.5,10385.5,0.444032545375764
"890000","370200",230.5,10385.5,0.0221944056617399
"900000","370200",841.4,10385.5,0.081016802272399
"880000","370300",1013.6,2949.1,0.34369807737954
"890000","370300",52.2,2949.1,0.0177003153504459
"900000","370300",132.8,2949.1,0.0450306873283375
"880000","370401",538.4,1389.6,0.387449625791595
"890000","370401",25,1389.6,0.0179907887161773
"900000","370401",333.1,1389.6,0.239709268854347
"880000","370402",466,1599.2,0.291395697848924
"890000","370402",24.9,1599.2,0.0155702851425713
"900000","370402",96.4,1599.2,0.060280140070035
"880000","380100",129.4,2596,0.0498459167950693
"890000","380100",20.4,2596,0.00785824345146379
"900000","380100",188.3,2596,0.0725346687211094
"880000","380400",970.5,5687.9,0.17062536261186
"890000","380400",43,5687.9,0.00755990787461102
"900000","380400",919.9,5687.9,0.161729284973365
"880000","380501",431.6,3232.2,0.133531340882371
"890000","380501",18.2,3232.2,0.00563083967576264
"900000","380501",-1164,3232.2,-0.360126229812512
"880000","380600",414.5,4256.7,0.0973759015199568
"890000","380600",97.3,4256.7,0.0228580825522118
"900000","380600",347.4,4256.7,0.0816125167383184
"880000","380700",791.9,5185.2,0.152723135076757
"890000","380700",26.2,5185.2,0.0050528427061637
"900000","380700",378.2,5185.2,0.0729383630332485
"880000","380800",2290,14370.2,0.159357559393745
"890000","380800",74.1,14370.2,0.00515650443278451
"900000","380800",632.2,14370.2,0.0439938205452951
"880000","380900",702.2,3041.4,0.230880515552048
"890000","380900",30.7,3041.4,0.0100940356414809
"900000","380900",177.9,3041.4,0.0584927993687118
"880000","381000",2002.9,10732.7,0.186616601600716
"890000","381000",121.5,10732.7,0.0113205437587932
"900000","381000",1253.4,10732.7,0.116783288454909
"880000","381100",1687.2,4324.1,0.39018524085937
"890000","381100",118.8,4324.1,0.0274739252098703
"900000","381100",235.2,4324.1,0.0543928216276219
"880000","381200",238.5,619.7,0.384863643698564
"890000","381200",7.3,619.7,0.0117798934968533
"900000","381200",61.1,619.7,0.0985960948846216
"880000","381300",485.3,1336.3,0.363166953528399
"890000","381300",15.8,1336.3,0.0118236922846666
"900000","381300",128.1,1336.3,0.0958617077003667
"880000","381400",298,993.9,0.299828956635476
"890000","381400",16.4,993.9,0.0165006539893349
"900000","381400",24,993.9,0.024147298520978
"880000","390100",1752.4,10808.6,0.162130155616824
"890000","390100",70,10808.6,0.00647632440834151
"900000","390100",1268.1,10808.6,0.117323242603112
"880000","390200",266.4,1095.7,0.243132244227435
"890000","390200",14.8,1095.7,0.0135073469015241
"900000","390200",49.6,1095.7,0.0452678652915944
"880000","400100",253,790,0.320253164556962
"890000","400100",9.9,790,0.0125316455696203
"900000","400100",118.8,790,0.150379746835443
"880000","400200",468.3,2318.6,0.201975329940481
"890000","400200",23.3,2318.6,0.0100491676011386
"900000","400200",592.1,2318.6,0.255369619598033
"880000","400300",575.8,2023.1,0.284612723048787
"890000","400300",20.5,2023.1,0.0101329642627651
"900000","400300",385.3,2023.1,0.190450299046019
"880000","400400",2407.1,8206.2,0.293326996661061
"890000","400400",74.3,8206.2,0.00905412980429431
"900000","400400",835.2,8206.2,0.101776705417855
"880000","400500",1774.3,6266.5,0.283140509056092
"890000","400500",143.3,6266.5,0.0228676294582303
"900000","400500",689.3,6266.5,0.109997606319317
"880000","400600",2316.1,6606.7,0.350568362419968
"890000","400600",65.3,6606.7,0.00988390573205988
"900000","400600",594.9,6606.7,0.0900449543645088
"880000","400700",2881.1,9505.1,0.303110961483835
"890000","400700",104.4,9505.1,0.010983577237483
"900000","400700",1243.9,9505.1,0.130866587410969
"880000","400800",734.3,2258.8,0.325084115459536
"890000","400800",10.4,2258.8,0.0046042146272357
"900000","400800",352,2258.8,0.155834956614131
"880000","400901",691.6,2977.4,0.232283200107476
"890000","400901",16.5,2977.4,0.00554174783368039
"900000","400901",549,2977.4,0.184389064284275
"880000","400902",670.4,2978,0.225117528542646
"890000","400902",23.8,2978,0.00799194089993284
"900000","400902",376.5,2978,0.126427132303559
"880000","410100",2906.2,7718.6,0.376519057860234
"890000","410100",158,7718.6,0.0204700334257508
"900000","410100",1053.4,7718.6,0.136475526649911
"880000","410201",5412.3,15174.3,0.356675431486131
"890000","410201",184.4,15174.3,0.0121521256334724
"900000","410201",344.6,15174.3,0.0227094495297971
"880000","410202",220.4,825.3,0.267054404458985
"890000","410202",9.3,825.3,0.0112686295892403
"900000","410202",103.5,825.3,0.125408942202835
"880000","410203",2705.9,8255.3,0.327777306699938
"890000","410203",160.4,8255.3,0.0194299419766695
"900000","410203",928.5,8255.3,0.112473199035771
"880000","420100",313.5,1027.5,0.305109489051095
"890000","420100",12.6,1027.5,0.0122627737226277
"900000","420100",325.5,1027.5,0.316788321167883
"880000","420201",1168.4,3296.2,0.354468782234088
"890000","420201",34.6,3296.2,0.0104969358655421
"900000","420201",671.5,3296.2,0.203719434500334
"880000","420202",228.4,644.2,0.35454827693263
"890000","420202",8.5,644.2,0.0131946600434648
"900000","420202",119.4,644.2,0.185346165787023
"880000","420300",2604.4,8027.1,0.324450922500031
"890000","420300",70.5,8027.1,0.00878274843966065
"900000","420300",1289.6,8027.1,0.160655778550161
"880000","420401",1694.7,3879.4,0.436845904005774
"890000","420401",64.8,3879.4,0.0167036139609218
"900000","420401",506.1,3879.4,0.130458318296644
"880000","420402",1077.8,3889.5,0.277105026353002
"890000","420402",49,3889.5,0.012598020311094
"900000","420402",448.4,3889.5,0.115284740969276
"880000","420500",1386.5,4154.4,0.333742538031966
"890000","420500",29.5,4154.4,0.00710090506450992
"900000","420500",724.6,4154.4,0.174417485076064
"880000","420700",153.7,410.1,0.374786637405511
"890000","420700",4.1,410.1,0.0099975615703487
"900000","420700",49.3,410.1,0.120214581809315
"880000","420800",3722.3,10746.7,0.346366791666279
"890000","420800",154.1,10746.7,0.0143392855481217
"900000","420800",1580.3,10746.7,0.147049792029181
"880000","421000",427.6,2297.2,0.186139648267456
"890000","421000",19.9,2297.2,0.00866271983283998
"900000","421000",257,2297.2,0.111875326484416
"880000","421100",1938.6,6051.9,0.320329152828037
"890000","421100",53,6051.9,0.00875758026404931
"900000","421100",1081.3,6051.9,0.178671161122953
"880000","430100",1165.3,3468.7,0.335947184824286
"890000","430100",39.3,3468.7,0.0113298930435033
"900000","430100",557.3,3468.7,0.160665378960417
"880000","430200",2807.7,10626.9,0.264206871241849
"890000","430200",136,10626.9,0.0127977114680669
"900000","430200",1520,10626.9,0.143033245819571
"880000","440001",2018.7,6632.3,0.304374048218567
"890000","440001",76.8,6632.3,0.0115796933190598
"900000","440001",1134.3,6632.3,0.171026642341269
"880000","440002",701.2,4344.6,0.161395755650693
"890000","440002",29.6,4344.6,0.00681305528702297
"900000","440002",867.9,4344.6,0.199765225797542
"880000","450100",3349.4,11960,0.28005016722408
"890000","450100",287.9,11960,0.0240719063545151
"900000","450100",1634.3,11960,0.136647157190635
"880000","450200",484.5,1427.4,0.33942833123161
"890000","450200",16.9,1427.4,0.01183970856102
"900000","450200",185.5,1427.4,0.129956564382794
"880000","450300",924.1,2389.1,0.386798375957474
"890000","450300",37.6,2389.1,0.0157381440709891
"900000","450300",103.1,2389.1,0.0431543258967812
"880000","460100",356.6,1048.7,0.340040049585201
"890000","460100",8.6,1048.7,0.00820062935062458
"900000","460100",77.2,1048.7,0.0736149518451416
"880000","460200",1161.3,3237,0.358758109360519
"890000","460200",34.7,3237,0.0107198022860673
"900000","460200",372.9,3237,0.115199258572753
"880000","460300",241.7,652.4,0.37047823421214
"890000","460300",3.4,652.4,0.00521152667075414
"900000","460300",83,652.4,0.12722256284488
"880000","460400",649.3,2255.8,0.287835801046192
"890000","460400",19.4,2255.8,0.00860005319620534
"900000","460400",301.4,2255.8,0.133611135738984
"880000","470100",1241.9,2891.2,0.429544825677919
"890000","470100",49.9,2891.2,0.0172592695074709
"900000","470100",188.1,2891.2,0.0650594908688434
"880000","470200",562.3,1286.2,0.4371792878246
"890000","470200",27.8,1286.2,0.0216140569118333
"900000","470200",58.8,1286.2,0.0457160628207122
"880000","470300",5861.8,11017,0.532068621221748
"890000","470300",118.1,11017,0.0107197966778615
"900000","470300",1301.5,11017,0.118135608604883
"880000","470401",533.5,1948.9,0.273744163374211
"890000","470401",25.2,1948.9,0.0129303709785007
"900000","470401",400.7,1948.9,0.20560316075735
"880000","470402",161.9,508.1,0.318638063373352
"890000","470402",5,508.1,0.0098405825624877
"900000","470402",83.6,508.1,0.164534540444794
"880000","470404",710.7,2036.9,0.348912563208798
"890000","470404",26.2,2036.9,0.0128626834896166
"900000","470404",210,2036.9,0.103097844764102
"880000","470405",316.6,500.1,0.633073385322935
"890000","470405",6.1,500.1,0.0121975604879024
"900000","470405",56.1,500.1,0.112177564487103
"880000","470500",454.3,1038.4,0.4375
"890000","470500",16.6,1038.4,0.0159861325115562
"900000","470500",53.7,1038.4,0.0517141756548536
"880000","480100",664.6,1887.6,0.352087306632761
"890000","480100",18.1,1887.6,0.00958889595253232
"900000","480100",321.2,1887.6,0.17016317016317
"880000","480200",470.7,1184.5,0.397382861967075
"890000","480200",11.4,1184.5,0.00962431405656395
"900000","480200",173.7,1184.5,0.14664415365133
"880000","480300",279,818.3,0.340950751558108
"890000","480300",5.3,818.3,0.00647684223389955
"900000","480300",114.2,818.3,0.139557619454968
"880000","480400",667.1,1728.2,0.386008563823632
"890000","480400",22.4,1728.2,0.0129614627936581
"900000","480400",227.8,1728.2,0.131813447517648
"880000","480500",975.9,2701.4,0.361257125934701
"890000","480500",21.2,2701.4,0.00784778263122825
"900000","480500",484.1,2701.4,0.179203376027245
"880000","480600",3089.3,7933.8,0.389384658045325
"890000","480600",84.9,7933.8,0.010701051198669
"900000","480600",964.3,7933.8,0.121543270563916
"880000","490100",2239.7,6664.2,0.336079349359263
"890000","490100",96.8,6664.2,0.0145253743885238
"900000","490100",853.1,6664.2,0.128012364574893
"880000","490200",1341.4,3640,0.368516483516484
"890000","490200",64.2,3640,0.0176373626373626
"900000","490200",548.2,3640,0.150604395604396
"880000","490300",757.2,2203.4,0.343650721612054
"890000","490300",12.7,2203.4,0.00576381955160207
"900000","490300",359.1,2203.4,0.162975401651992
"880000","490500",1440.7,3459.8,0.416411353257414
"890000","490500",34.9,3459.8,0.0100872882825597
"900000","490500",572.2,3459.8,0.165385282386265
"880000","490600",556.8,1405.9,0.396045237925884
"890000","490600",6.3,1405.9,0.00448111529980795
"900000","490600",221.6,1405.9,0.157621452450388
"880000","490700",1364.5,3732.1,0.365611853916026
"890000","490700",30.2,3732.1,0.00809195895072479
"900000","490700",625.5,3732.1,0.167600010717826
"880000","490800",843.4,2130.5,0.395869514198545
"890000","490800",16.7,2130.5,0.00783853555503403
"900000","490800",415.2,2130.5,0.194883830086834
"880000","500100",905.3,2307.3,0.392363368439301
"890000","500100",42.5,2307.3,0.0184197980323322
"900000","500100",165.4,2307.3,0.0716855198717115
"880000","500200",1399.4,3261.7,0.429040071128553
"890000","500200",49.6,3261.7,0.0152067940031272
"900000","500200",357.5,3261.7,0.10960542048625
"880000","500300",198.5,593.4,0.334512976070105
"890000","500300",4.9,593.4,0.00825749915739805
"900000","500300",132,593.4,0.222446916076845
"880000","500400",6887.5,13840.7,0.497626565130376
"890000","500400",153.4,13840.7,0.0110832544596733
"900000","500400",1542.6,13840.7,0.111453900453012
"880000","510102",489.7,1446,0.33865836791148
"890000","510102",6.3,1446,0.00435684647302905
"900000","510102",268.7,1446,0.18582295988935
"880000","510103",6361.5,30204.4,0.210615009733681
"890000","510103",283,30204.4,0.0093694958350439
"900000","510103",6815.7,30204.4,0.22565255393254
"880000","510104",5723.3,21401.7,0.267422681375779
"890000","510104",139.9,21401.7,0.00653686389398973
"900000","510104",2640.9,21401.7,0.123396739511347
"880000","510400",1010.6,2767.4,0.365180313651803
"890000","510400",10.3,2767.4,0.00372190503721905
"900000","510400",445,2767.4,0.160800751608007
"880000","520100",249.9,709.2,0.352368866328257
"890000","520100",4.1,709.2,0.00578116187253243
"900000","520100",108.4,709.2,0.152848279751833
"880000","520200",143.6,433.5,0.331257208765859
"890000","520200",0.8,433.5,0.00184544405997693
"900000","520200",88.1,433.5,0.20322952710496
"880000","520300",4691.1,16426.4,0.285582964009156
"890000","520300",118.1,16426.4,0.00718964593581065
"900000","520300",2437.7,16426.4,0.148401353918083
"880000","520400",343.6,1071.1,0.320791709457567
"890000","520400",8.5,1071.1,0.00793576696853702
"900000","520400",202.3,1071.1,0.188871253851181
"880000","520500",1151.5,3768.7,0.30554302544644
"890000","520500",19.5,3768.7,0.00517419799931011
"900000","520500",854.8,3768.7,0.226815612810784
"880000","530200",1026.9,3233.4,0.31759138986825
"890000","530200",27.1,3233.4,0.00838127048926826
"900000","530200",379.8,3233.4,0.117461495639265
"880000","530300",1496.6,4627.8,0.323393405073685
"890000","530300",36,4627.8,0.00777907429015947
"900000","530300",946.5,4627.8,0.204524828212109
"880000","530400",2341.2,6693.3,0.349782618439335
"890000","530400",71,6693.3,0.0106076225479211
"900000","530400",934.3,6693.3,0.139587348542572
"880000","530500",2240.2,5839.9,0.383602458946215
"890000","530500",80.9,5839.9,0.0138529769345366
"900000","530500",890.1,5839.9,0.152416993441669
"880000","530700",370.6,1111,0.333573357335734
"890000","530700",18.6,1111,0.0167416741674167
"900000","530700",108.5,1111,0.0976597659765977
"880000","530800",443.1,1159.9,0.382015691007846
"890000","530800",9.8,1159.9,0.00844900422450211
"900000","530800",188.1,1159.9,0.162169152513148
"880000","540100",633.9,2671.3,0.237300190918279
"890000","540100",17.7,2671.3,0.00662598734698461
"900000","540100",482.3,2671.3,0.18054879646614
"880000","540200",896.8,3425.6,0.261793554413825
"890000","540200",16.7,3425.6,0.00487505838393274
"900000","540200",386.8,3425.6,0.112914525922466
"880000","540300",636.7,2993,0.212729702639492
"890000","540300",22.4,2993,0.00748412963581691
"900000","540300",601.6,2993,0.201002338790511
"880000","540400",613.6,2568,0.238940809968847
"890000","540400",23.9,2568,0.00930685358255452
"900000","540400",565.7,2568,0.22028816199377
"880000","540500",350.3,1302.7,0.268903047516696
"890000","540500",19.1,1302.7,0.0146618561449298
"900000","540500",279.4,1302.7,0.214477623397559
"880000","540700",529,2399.9,0.220425851077128
"890000","540700",26.7,2399.9,0.0111254635609817
"900000","540700",491.4,2399.9,0.204758531605484
"880000","550100",761.8,3019.9,0.252260008609557
"890000","550100",38.2,3019.9,0.0126494254776648
"900000","550100",958,3019.9,0.317229047319448
"880000","550200",2365.4,7947.9,0.297613206004102
"890000","550200",47.4,7947.9,0.00596383950477485
"900000","550200",1543.3,7947.9,0.19417707822192
"880000","550300",2122,6647,0.319241763201444
"890000","550300",72.8,6647,0.0109523093124718
"900000","550300",1174,6647,0.176621032044531
"880000","560100",849.2,5887.4,0.144240241872473
"890000","560100",21.6,5887.4,0.00366885212487686
"900000","560100",723.1,5887.4,0.122821619050854
"880000","560200",373.1,1926.3,0.193687379951202
"890000","560200",13.3,1926.3,0.00690442817837305
"900000","560200",695.7,1926.3,0.361158698022115
"880000","560300",4353.5,16878.7,0.257928631944403
"890000","560300",121.7,16878.7,0.00721027093318798
"900000","560300",3893.9,16878.7,0.230699046727532
"880000","560500",5807.2,16007.1,0.362789012375758
"890000","560500",201.2,16007.1,0.012569422318846
"900000","560500",3283.4,16007.1,0.205121477344428
"880000","570100",1090.4,2681.8,0.406592587068387
"890000","570100",20.4,2681.8,0.00760683123275412
"900000","570100",293.8,2681.8,0.109553285107018
"880000","570200",7239.9,18346.6,0.394618076373824
"890000","570200",612.5,18346.6,0.0333849323580391
"900000","570200",2552.6,18346.6,0.139132046264703
"880000","570300",10196.5,27625.2,0.369101400170858
"890000","570300",218.9,27625.2,0.00792392453267307
"900000","570300",4670.3,27625.2,0.169059409524637
"880000","580100",882.1,3311.3,0.266390843475372
"890000","580100",28.9,3311.3,0.00872769003110561
"900000","580100",617.2,3311.3,0.186392051460152
"880000","580200",330.2,1876.5,0.175965893951505
"890000","580200",20.7,1876.5,0.011031175059952
"900000","580200",523.7,1876.5,0.279083399946709
"880000","580400",2504.9,7356.4,0.34050622587135
"890000","580400",81.2,7356.4,0.011038007721168
"900000","580400",542.4,7356.4,0.0737317166005111
"880000","580600",879.5,3346.5,0.262811893022561
"890000","580600",71.7,3346.5,0.0214253697893321
"900000","580600",355.7,3346.5,0.106290153892126
"880000","580700",1982.4,4932.3,0.401922024207773
"890000","580700",32,4932.3,0.0064878454270827
"900000","580700",599.6,4932.3,0.121566003689962
"880000","590100",1205.4,4533.2,0.265904879555281
"890000","590100",68.8,4533.2,0.0151769169681461
"900000","590100",485.2,4533.2,0.10703255978117
"880000","590200",813,3711.1,0.21907251219315
"890000","590200",412,3711.1,0.111018296461965
"900000","590200",321.4,3711.1,0.0866050497157177
"880000","590301",15226.9,134114.7,0.113536398321735
"890000","590301",2107.7,134114.7,0.0157156523483257
"900000","590301",7669.4,134114.7,0.0571853793804855
"880000","590302",17048.4,60746.4,0.280648729801272
"890000","590302",1115.7,60746.4,0.0183665204851646
"900000","590302",4800.1,60746.4,0.0790186743576574
"880000","600100",12888.8,39436.2,0.326826621226183
"890000","600100",260.4,39436.2,0.00660307027553365
"900000","600100",2564.7,39436.2,0.0650341564349506
"880000","600200",7987,23780.6,0.335862005163873
"890000","600200",238.4,23780.6,0.0100249783436919
"900000","600200",3307.5,23780.6,0.139083959193628
"880000","600400",9126.5,18910.8,0.482607821985321
"890000","600400",114.7,18910.8,0.0060653171732555
"900000","600400",3019.5,18910.8,0.159670664382258
"880000","610100",4454,8720.2,0.510768101649045
"890000","610100",50.7,8720.2,0.00581408683287081
"900000","610100",753.6,8720.2,0.086420036237701
"880000","610200",1638.2,5815.8,0.281680938134049
"890000","610200",26,5815.8,0.00447058014374635
"900000","610200",927.6,5815.8,0.159496543897658
"880000","610300",1084.2,2682.7,0.404145077720207
"890000","610300",16.7,2682.7,0.00622507175606665
"900000","610300",287.8,2682.7,0.107279979125508
"880000","610500",227,986.8,0.230036481556546
"890000","610500",5.6,986.8,0.00567490879610863
"900000","610500",111.4,986.8,0.112890149979732
"880000","610601",441.3,1806.7,0.244257486024243
"890000","610601",1.5,1806.7,0.000830242984446781
"900000","610601",109.6,1806.7,0.0606630873969115
"880000","610603",440.8,2458.5,0.179296318893634
"890000","610603",7.3,2458.5,0.00296929021761237
"900000","610603",122.4,2458.5,0.0497864551555827
"880000","610700",427.5,1611.4,0.265297257043565
"890000","610700",9.2,1611.4,0.00570932108725332
"900000","610700",253.2,1611.4,0.157130445575276
"880000","620101",16305.7,36970,0.441052204490127
"890000","620101",545.1,36970,0.0147443873410874
"900000","620101",5050.7,36970,0.136616175277252
"880000","620102",580.9,1725.6,0.336636532220677
"890000","620102",21.5,1725.6,0.0124594343996291
"900000","620102",457.1,1725.6,0.264893370421882
"880000","620200",3731.4,9002.8,0.414471053450038
"890000","620200",98.6,9002.8,0.0109521482205536
"900000","620200",1436.5,9002.8,0.159561469764962
"880000","620300",816.3,1991.8,0.409830304247414
"890000","620300",17,1991.8,0.00853499347324028
"900000","620300",342.7,1991.8,0.172055427251732
"880000","620400",2412.2,7491.4,0.32199588861895
"890000","620400",60.1,7491.4,0.00802253250393785
"900000","620400",1683.5,7491.4,0.224724350588675
"880000","620500",2358.5,8240.9,0.286194469050711
"890000","620500",54.5,8240.9,0.00661335533740247
"900000","620500",1976.9,8240.9,0.239888847091944
"880000","620600",451.5,1290.5,0.349864393645874
"890000","620600",3.9,1290.5,0.00302208446338628
"900000","620600",321.6,1290.5,0.249205734211546
"880000","620700",305.8,1125.2,0.271773906861003
"890000","620700",5.2,1125.2,0.00462140063988624
"900000","620700",202.7,1125.2,0.180145751866335
"880000","620800",328.7,1460,0.22513698630137
"890000","620800",12.3,1460,0.00842465753424658
"900000","620800",360.9,1460,0.247191780821918
"880000","620900",1074.2,3431.2,0.313068314292376
"890000","620900",29.6,3431.2,0.00862671951503847
"900000","620900",888.6,3431.2,0.25897645138727
"880000","621000",1940.5,5147.7,0.376964469568934
"890000","621000",34.7,5147.7,0.00674087456533986
"900000","621000",722.4,5147.7,0.140334518328574
"880000","621100",3188.2,7586.3,0.420257569566192
"890000","621100",72.8,7586.3,0.0095962458642553
"900000","621100",1221.2,7586.3,0.160974388041601
"880000","630200",627.7,1539.9,0.407623871679979
"890000","630200",22,1539.9,0.0142866419897396
"900000","630200",293.6,1539.9,0.190661731281252
"880000","630300",3648.1,18185.5,0.200604877512304
"890000","630300",197.5,18185.5,0.0108603007890902
"900000","630300",6474.8,18185.5,0.356041901514943
"880000","640101",854.1,4463,0.191373515572485
"890000","640101",22.8,4463,0.00510867129733363
"900000","640101",941.8,4463,0.211023974904773
"880000","640102",275.6,2010.9,0.137053060818539
"890000","640102",0.7,2010.9,0.000348102839524591
"900000","640102",372.9,2010.9,0.185439355512457
"880000","640104",169.5,444.1,0.381670794866021
"890000","640104",4.6,444.1,0.0103580274712903
"900000","640104",53.2,444.1,0.119792839450574
"880000","640105",388.7,1219,0.318867924528302
"890000","640105",5.8,1219,0.00475799835931091
"900000","640105",337.1,1219,0.276538146021329
"880000","640200",271.3,799,0.339549436795995
"890000","640200",5,799,0.00625782227784731
"900000","640200",155.7,799,0.194868585732165
"880000","640301",666.9,3120.3,0.213729449091433
"890000","640301",24.6,3120.3,0.0078838573214114
"900000","640301",817,3120.3,0.261833798032241
"880000","640302",69.7,256.2,0.272053083528493
"890000","640302",1.6,256.2,0.00624512099921936
"900000","640302",48.8,256.2,0.19047619047619
"880000","640400",1152.9,5068.2,0.227477210844087
"890000","640400",132.1,5068.2,0.0260644804861687
"900000","640400",1238,5068.2,0.244268181997553
"880000","640501",221,788.8,0.280172413793103
"890000","640501",11.8,788.8,0.0149594320486815
"900000","640501",129,788.8,0.163539553752536
"880000","640502",127.1,521.6,0.243673312883436
"890000","640502",1.3,521.6,0.00249233128834356
"900000","640502",118.1,521.6,0.226418711656442
"880000","640503",170.7,405,0.421481481481481
"890000","640503",0.7,405,0.0017283950617284
"900000","640503",94.1,405,0.232345679012346
"880000","640504",164.6,630.7,0.260979863643571
"890000","640504",2.4,630.7,0.00380529570318693
"900000","640504",110,630.7,0.174409386396068
"880000","640700",215.6,655.8,0.328758767917048
"890000","640700",6.1,655.8,0.00930161634644709
"900000","640700",117.4,655.8,0.179017993290637
"880000","640800",285.5,884.9,0.32263532602554
"890000","640800",5,884.9,0.00565035597242626
"900000","640800",274.3,884.9,0.309978528647305
"880000","640900",284.2,1266,0.224486571879937
"890000","640900",6.9,1266,0.00545023696682465
"900000","640900",274,1266,0.216429699842022
"880000","641000",206,814.4,0.25294695481336
"890000","641000",5.1,814.4,0.006262278978389
"900000","641000",155.1,814.4,0.19044695481336
"880000","641100",1675,4783.8,0.350140056022409
"890000","641100",54.7,4783.8,0.0114344245160751
"900000","641100",443.4,4783.8,0.0926878213972156
"880000","641200",1438.1,4957.4,0.290091580263848
"890000","641200",17.6,4957.4,0.00355024811393069
"900000","641200",1116.5,4957.4,0.225218864727478
"880000","650100",12497.9,31444.7,0.397456487102755
"890000","650100",1352.3,31444.7,0.043005657551193
"900000","650100",4156.4,31444.7,0.132181257890837
"880000","650200",6149.7,12013.5,0.511899113497316
"890000","650200",228.2,12013.5,0.0189952969575894
"900000","650200",2299.7,12013.5,0.191426312065593
"880000","650300",40701.2,116095.2,0.350584692562655
"890000","650300",3082.7,116095.2,0.0265532080568361
"900000","650300",20937.9,116095.2,0.180351125627933
"880000","650400",5731.5,24053,0.238286284455162
"890000","650400",686.6,24053,0.0285452958050971
"900000","650400",1228.5,24053,0.0510747100153827
"880000","650500",23230.9,76252.9,0.304655954068632
"890000","650500",5748.9,76252.9,0.0753925424475659
"900000","650500",6224.8,76252.9,0.0816336165575342
"880000","650600",712.1,7888.5,0.0902706471445775
"890000","650600",469.5,7888.5,0.0595170184445712
"900000","650600",4228.1,7888.5,0.535982759713507
"880000","650701",3672,10311.7,0.356100352027309
"890000","650701",49.6,10311.7,0.0048100701145301
"900000","650701",1537.2,10311.7,0.149073382662413
"880000","650702",3560.5,7708,0.461922677737416
"890000","650702",122.8,7708,0.0159314997405293
"900000","650702",957.1,7708,0.124169693824598
"880000","660000",36761.1,161126.8,0.228150127725493
"890000","660000",11910.4,161126.8,0.0739194224672742
"900000","660000",46277.5,161126.8,0.28721168669644
"880000","670000",9885.6,29396.2,0.336288363802124
"890000","670000",599.5,29396.2,0.0203937923949354
"900000","670000",2974.7,29396.2,0.101193351521625
"880000","680100",19452.6,132371.3,0.146954815734226
"890000","680100",9241.6,132371.3,0.0698157380036307
"900000","680100",57012,132371.3,0.430697590791962
"880000","680200",8625.9,67548.5,0.127699356758477
"890000","680200",3151.4,67548.5,0.046653885726552
"900000","680200",14547.7,67548.5,0.215366736493038
"880000","680301",498.2,3360.2,0.148264984227129
"890000","680301",296.7,3360.2,0.0882983155764538
"900000","680301",-210.9,3360.2,-0.0627641211832629
"880000","680302",3012.2,7902,0.381194634269805
"890000","680302",287.2,7902,0.0363452290559352
"900000","680302",-97.8,7902,-0.0123766135155657
"880000","690100",174697.4,423750.7,0.412264569710445
"890000","690100",57724.4,423750.7,0.136222547832959
"900000","690100",65525,423750.7,0.154631012998917
"880000","690200",187889.2,420693.5,0.446617787058749
"890000","690200",53073.4,420693.5,0.126156928975608
"900000","690200",52359.6,420693.5,0.124460206777618
"880000","700100",58990,192444.1,0.306530571734857
"890000","700100",6858.8,192444.1,0.0356404794950845
"900000","700100",35823.7,192444.1,0.186151199231361
"880000","700200",18258.8,33018.2,0.552991986237893
"890000","700200",1179.7,33018.2,0.0357287798850331
"900000","700200",-15262.1,33018.2,-0.462232950312252
"880000","700300",32203.2,61150.2,0.526624606297281
"890000","700300",278.4,61150.2,0.00455272427563606
"900000","700300",6265.9,61150.2,0.102467367236738
"880000","700400",43610.4,123973.4,0.351772235011704
"890000","700400",11916.8,123973.4,0.0961238459217864
"900000","700400",-5144.6,123973.4,-0.0414976115844205
"880000","700500",18717.1,48876.1,0.382949948952556
"890000","700500",511.9,48876.1,0.0104734215700516
"900000","700500",16810.2,48876.1,0.343934970261539
"880000","710100",0,325143.9,0
"890000","710100",50971.4,325143.9,0.156765665909771
"900000","710100",228061.5,325143.9,0.701417126386194
"880000","710201",27229.6,347224.8,0.0784206658049771
"890000","710201",48173.8,347224.8,0.138739513997848
"900000","710201",171982.4,347224.8,0.495305634850967
"880000","710202",0,33050.2,0
"890000","710202",5053.2,33050.2,0.152894687475416
"900000","710202",27997,33050.2,0.847105312524584
"880000","720100",10663.2,40997.4,0.260094542580749
"890000","720100",3698,40997.4,0.0902008420046149
"900000","720100",7849.6,40997.4,0.191465800270261
"880000","720201",5812.3,15360.9,0.378382777050824
"890000","720201",360.8,15360.9,0.0234882070712003
"900000","720201",1151.9,15360.9,0.0749890956910077
"880000","720202",1585.1,4670.2,0.339407305896964
"890000","720202",74,4670.2,0.0158451458181662
"900000","720202",927.6,4670.2,0.198621044066635
"880000","720203",2397.8,13608.2,0.176202583736277
"890000","720203",299.2,13608.2,0.0219867432871357
"900000","720203",1202,13608.2,0.0883290956923032
"880000","720204",4527.7,16014.3,0.282728561348295
"890000","720204",198.4,16014.3,0.0123889273961397
"900000","720204",6185.7,16014.3,0.386261029205148
"880000","720205",1049.6,3138.8,0.334395310309673
"890000","720205",99.6,3138.8,0.0317318720530139
"900000","720205",204.9,3138.8,0.0652797247355677
"880000","720300",5757,13510,0.426128793486306
"890000","720300",155.4,13510,0.0115025906735751
"900000","720300",1994.2,13510,0.14760917838638
"880000","730101",7271.8,23195.3,0.313503166589783
"890000","730101",532.3,23195.3,0.0229486145900247
"900000","730101",7322.4,23195.3,0.315684643009575
"880000","730102",8653.1,16327.1,0.529983891811773
"890000","730102",299.8,16327.1,0.018362109621427
"900000","730102",2083.9,16327.1,0.127634423749472
"880000","730103",16702.9,20551.3,0.812741773026524
"890000","730103",128,20551.3,0.00622831645686648
"900000","730103",1685.5,20551.3,0.0820142764691285
"880000","730104",25442.8,60821.4,0.418319867678153
"890000","730104",654.6,60821.4,0.0107626591956121
"900000","730104",9672.7,60821.4,0.159034484572864
"880000","730105",27919.5,64467.9,0.43307599596078
"890000","730105",649.5,64467.9,0.0100747814028377
"900000","730105",2480.1,64467.9,0.0384703084791036
"880000","730106",6278.9,9464.4,0.663422932251384
"890000","730106",99.8,9464.4,0.0105447783272051
"900000","730106",1109,9464.4,0.117175943535776
"880000","730107",7486.4,28587.6,0.261875778309477
"890000","730107",1136.3,28587.6,0.0397480026305111
"900000","730107",8887.4,28587.6,0.310883040199247
"880000","730108",3759.3,12843.4,0.292702866842114
"890000","730108",266.4,12843.4,0.0207421710761948
"900000","730108",3469.6,12843.4,0.270146534406777
"880000","730109",14049.2,45290.6,0.310201233810106
"890000","730109",839.6,45290.6,0.0185380630859384
"900000","730109",15307.5,45290.6,0.337984040838496
"880000","730200",7404.2,15883.7,0.46615083387372
"890000","730200",126.3,15883.7,0.00795154781316696
"900000","730200",3411.8,15883.7,0.214798818914988
"880000","730301",33797.8,76890,0.43956041097672
"890000","730301",683.7,76890,0.00889192352711666
"900000","730301",15649.2,76890,0.203527116660164
"880000","730302",29307.2,60153.9,0.487203655955807
"890000","730302",105.3,60153.9,0.00175050994199877
"900000","730302",5498.3,60153.9,0.0914038823750414
"880000","730303",15908.5,40887.3,0.389081695294138
"890000","730303",29.3,40887.3,0.000716603933250667
"900000","730303",3702.4,40887.3,0.0905513447941048
"880000","740000",81909,209394,0.391171666809937
"890000","740000",9606.1,209394,0.0458757175468256
"900000","740000",17275.5,209394,0.0825023639645835
"880000","750001",6142.3,45454.6,0.135130437843475
"890000","750001",1944.9,45454.6,0.0427877486547016
"900000","750001",5508.3,45454.6,0.121182454581055
"880000","750002",21413.9,79978.5,0.267745706658665
"890000","750002",2110.8,79978.5,0.0263920928749601
"900000","750002",23033.2,79978.5,0.287992397956951
"880000","750003",1439.1,5270.9,0.273027376728832
"890000","750003",244.9,5270.9,0.0464626534367945
"900000","750003",557.4,5270.9,0.10575044110114
"880000","760101",7956.2,27890.2,0.28526866067651
"890000","760101",285.9,27890.2,0.0102509125069021
"900000","760101",2099.5,27890.2,0.0752773375594295
"880000","760102",1025.1,3318,0.308951175406872
"890000","760102",107.8,3318,0.0324894514767932
"900000","760102",463.2,3318,0.139602169981917
"880000","760201",3053.8,10000.9,0.305352518273355
"890000","760201",143.3,10000.9,0.0143287104160626
"900000","760201",1137.1,10000.9,0.113699767020968
"880000","760202",546.4,1762.3,0.310049367304091
"890000","760202",82.6,1762.3,0.0468705668728366
"900000","760202",84.5,1762.3,0.0479487033989673
"880000","760203",1670.7,2072.1,0.806283480527002
"890000","760203",129.7,2072.1,0.062593504174509
"900000","760203",-927,2072.1,-0.447372231069929
"880000","760204",894.8,4689.5,0.190809254717987
"890000","760204",1021.8,4689.5,0.217891033159185
"900000","760204",236.2,4689.5,0.0503678430536305
"880000","760205",2672.7,8213.4,0.325407261304697
"890000","760205",279.8,8213.4,0.0340662819295298
"900000","760205",2318.8,8213.4,0.282319137019992
"880000","760206",6889.8,20246,0.340304257631137
"890000","760206",805.6,20246,0.0397905759162304
"900000","760206",4574.1,20246,0.22592610886101
"880000","770100",70048.5,133505.7,0.524685462867878
"890000","770100",959.3,133505.7,0.00718546099529833
"900000","770100",23636,133505.7,0.17704113007909
"880000","770200",74155.9,136581.3,0.542943287258212
"890000","770200",394.4,136581.3,0.00288765738794403
"900000","770200",6485.7,136581.3,0.0474860028422632
"880000","770301",17156.9,29720.7,0.577271060237478
"890000","770301",372,29720.7,0.0125165288839092
"900000","770301",1283,29720.7,0.0431685660162782
"880000","770302",16781.8,38703.4,0.433600148824134
"890000","770302",175.3,38703.4,0.00452931783770935
"900000","770302",7351.9,38703.4,0.189954887684286
"880000","770401",5534.1,10851.2,0.509998894131525
"890000","770401",0,10851.2,0
"900000","770401",0,10851.2,0
"880000","770402",16104.1,30508.5,0.527856171230968
"890000","770402",0,30508.5,0
"900000","770402",0,30508.5,0
"880000","770403",3471,8914.7,0.389356904887433
"890000","770403",0,8914.7,0
"900000","770403",0,8914.7,0
"880000","770501",3396.9,10454.7,0.324916066458148
"890000","770501",23.1,10454.7,0.00220953255473615
"900000","770501",0,10454.7,0
"880000","770502",3350.4,12584.1,0.266240732352731
"890000","770502",372,12584.1,0.0295611128328605
"900000","770502",0,12584.1,0
"880000","770503",14082.8,23610,0.596476069462092
"890000","770503",0,23610,0
"900000","770503",0,23610,0
"880000","770504",4407,12291.4,0.358543371788405
"890000","770504",23.2,12291.4,0.0018874985762403
"900000","770504",0,12291.4,0
"880000","770600",2514.5,4613.1,0.545078147016106
"890000","770600",0,4613.1,0
"900000","770600",0,4613.1,0
"880000","770700",3175,12884.5,0.246420117195079
"890000","770700",0,12884.5,0
"900000","770700",4071.9,12884.5,0.316030889828864
"880000","770800",4496.3,9095.3,0.494354226908403
"890000","770800",0,9095.3,0
"900000","770800",0,9095.3,0
"880000","770900",7567.8,16870.7,0.448576526166668
"890000","770900",0,16870.7,0
"900000","770900",0,16870.7,0
"880000","780100",27585.6,32441.7,0.850313023053662
"890000","780100",0,32441.7,0
"900000","780100",-1745,32441.7,-0.0537887965180616
"880000","780200",1417.9,7249.9,0.195575111380847
"890000","780200",0,7249.9,0
"900000","780200",3135,7249.9,0.432419757513897
"880000","780500",2073.5,5704.7,0.363472224656862
"890000","780500",0,5704.7,0
"900000","780500",1293,5704.7,0.226655214121689
"880000","790100",7368,4822,1.52799668187474
"890000","790100",0,4822,0
"900000","790100",-6915,4822,-1.43405226047283
"880000","790200",3095,16899.4,0.183142596778584
"890000","790200",0,16899.4,0
"900000","790200",5998,16899.4,0.354923843450063
"880000","790300",8833.1,47762.5,0.184937974352264
"890000","790300",25.8,47762.5,0.000540172729651924
"900000","790300",9345.1,47762.5,0.195657681235279
"880000","820000",466784.8,466784.8,1
"890000","820000",0,466784.8,0
"900000","820000",0,466784.8,0
"880000","830001",0,0,
"890000","830001",0,0,
"900000","830001",0,0,
"880000","840000",7709,7709,1
"890000","840000",0,7709,0
"900000","840000",0,7709,0
"880000","850000",0,-17817,0
"890000","850000",0,-17817,0
"900000","850000",-17817,-17817,1
